,item_img,item_price,trade_date
0,trade_images\20221122_0.jpeg,190000,20221122
1,trade_images\20221122_1.jpeg,190000,20221122
2,trade_images\20221122_11.jpeg,266000,20221122
3,trade_images\20221122_23.jpeg,150000,20221122
4,trade_images\20221122_24.jpeg,370000,20221122
5,trade_images\20221122_30.jpeg,200000,20221122
6,trade_images\20221122_38.jpeg,110000,20221122
7,trade_images\20221122_39.jpeg,430000,20221122
8,trade_images\20221122_42.jpeg,200000,20221122
9,trade_images\20221122_46.jpeg,300000,20221122
10,trade_images\20221122_51.jpeg,170000,20221122
11,trade_images\20221122_62.jpeg,480000,20221122
12,trade_images\20221122_63.jpeg,950000,20221122
13,trade_images\20221122_66.jpeg,150000,20221122
14,trade_images\20221122_69.jpeg,250000,20221122
15,trade_images\20221122_75.jpeg,130000,20221122
16,trade_images\20221122_76.jpeg,150000,20221122
17,trade_images\20221122_77.jpeg,170000,20221122
18,trade_images\20221122_79.jpeg,400000,20221122
19,trade_images\20221122_89.jpeg,200000,20221122
20,trade_images\20221122_95.jpeg,110000,20221122
21,trade_images\20221122_101.jpeg,150000,20221122
22,trade_images\20221122_105.jpeg,230000,20221122
23,trade_images\20221122_108.jpeg,200000,20221122
24,trade_images\20221122_112.jpeg,150000,20221122
25,trade_images\20221122_114.jpeg,195000,20221122
26,trade_images\20221122_118.jpeg,130000,20221122
27,trade_images\20221122_120.jpeg,130000,20221122
28,trade_images\20221122_121.jpeg,130000,20221122
29,trade_images\20221122_130.jpeg,120000,20221122
30,trade_images\20221122_132.jpeg,110000,20221122
31,trade_images\20221122_139.jpeg,250000,20221122
32,trade_images\20221122_140.jpeg,170000,20221122
33,trade_images\20221122_141.jpeg,400000,20221122
34,trade_images\20221122_143.jpeg,140000,20221122
35,trade_images\20221122_145.jpeg,150000,20221122
36,trade_images\20221122_149.jpeg,150000,20221122
37,trade_images\20221122_150.jpeg,150000,20221122
38,trade_images\20221122_151.jpeg,180000,20221122
39,trade_images\20221122_152.jpeg,200000,20221122
40,trade_images\20221122_162.jpeg,195000,20221122
41,trade_images\20221122_165.jpeg,520000,20221122
42,trade_images\20221122_169.jpeg,320000,20221122
43,trade_images\20221122_175.jpeg,160000,20221122
44,trade_images\20221122_178.jpeg,220000,20221122
45,trade_images\20221122_180.jpeg,210000,20221122
46,trade_images\20221122_182.jpeg,200000,20221122
47,trade_images\20221122_183.jpeg,150000,20221122
48,trade_images\20221122_186.jpeg,200000,20221122
49,trade_images\20221122_200.jpeg,220000,20221122
50,trade_images\20221122_203.jpeg,220000,20221122
51,trade_images\20221122_206.jpeg,160000,20221122
52,trade_images\20221122_209.jpeg,340000,20221122
53,trade_images\20221122_3218.jpeg,120000,20221122
54,trade_images\20221122_218.jpeg,120000,20221122
55,trade_images\20221122_220.jpeg,120000,20221122
56,trade_images\20221122_225.jpeg,140000,20221122
57,trade_images\20221122_228.jpeg,140000,20221122
58,trade_images\20221122_229.jpeg,130000,20221122
59,trade_images\20221122_231.jpeg,450000,20221122
60,trade_images\20221122_235.jpeg,190000,20221122
61,trade_images\20221122_240.jpeg,140000,20221122
62,trade_images\20221122_250.jpeg,760000,20221122
63,trade_images\20221122_251.jpeg,450000,20221122
64,trade_images\20221122_252.jpeg,300000,20221122
65,trade_images\20221122_258.jpeg,150000,20221122
66,trade_images\20221122_260.jpeg,900000,20221122
67,trade_images\20221122_263.jpeg,320000,20221122
68,trade_images\20221122_265.jpeg,700000,20221122
69,trade_images\20221122_266.jpeg,250000,20221122
70,trade_images\20221122_267.jpeg,250000,20221122
71,trade_images\20221122_278.jpeg,500000,20221122
72,trade_images\20221122_281.jpeg,400000,20221122
73,trade_images\20221122_282.jpeg,150000,20221122
74,trade_images\20221122_295.jpeg,600000,20221122
75,trade_images\20221122_296.jpeg,250000,20221122
76,trade_images\20221122_300.jpeg,145000,20221122
77,trade_images\20221122_304.jpeg,1000000,20221122
78,trade_images\20221122_305.jpeg,110000,20221122
79,trade_images\20221122_319.jpeg,600000,20221122
80,trade_images\20221122_333.jpeg,550000,20221122
81,trade_images\20221122_338.jpeg,760000,20221122
82,trade_images\20221122_344.jpeg,150000,20221122
83,trade_images\20221122_345.jpeg,270000,20221122
84,trade_images\20221122_346.jpeg,200000,20221122
85,trade_images\20221122_347.jpeg,300000,20221122
86,trade_images\20221122_348.jpeg,300000,20221122
87,trade_images\20221122_349.jpeg,1000000,20221122
88,trade_images\20221122_350.jpeg,180000,20221122
89,trade_images\20221122_351.jpeg,200000,20221122
90,trade_images\20221122_354.jpeg,750000,20221122
91,trade_images\20221122_356.jpeg,200000,20221122
92,trade_images\20221122_357.jpeg,150000,20221122
93,trade_images\20221122_359.jpeg,400000,20221122
94,trade_images\20221122_360.jpeg,390000,20221122
95,trade_images\20221122_362.jpeg,280000,20221122
96,trade_images\20221122_363.jpeg,170000,20221122
97,trade_images\20221122_364.jpeg,130000,20221122
98,trade_images\20221122_366.jpeg,180000,20221122
99,trade_images\20221122_367.jpeg,150000,20221122
100,trade_images\20221122_369.jpeg,180000,20221122
101,trade_images\20221122_371.jpeg,180000,20221122
102,trade_images\20221122_372.jpeg,150000,20221122
103,trade_images\20221122_373.jpeg,250000,20221122
104,trade_images\20221122_386.jpeg,170000,20221122
105,trade_images\20221122_387.jpeg,230000,20221122
106,trade_images\20221122_388.jpeg,150000,20221122
107,trade_images\20221122_389.jpeg,150000,20221122
108,trade_images\20221122_390.jpeg,650000,20221122
109,trade_images\20221122_392.jpeg,180000,20221122
110,trade_images\20221122_395.jpeg,1200000,20221122
111,trade_images\20221122_396.jpeg,300000,20221122
112,trade_images\20221122_398.jpeg,150000,20221122
113,trade_images\20221122_399.jpeg,230000,20221122
114,trade_images\20221122_401.jpeg,300000,20221122
115,trade_images\20221122_403.jpeg,600000,20221122
116,trade_images\20221122_404.jpeg,150000,20221122
117,trade_images\20221122_410.jpeg,240000,20221122
118,trade_images\20221122_415.jpeg,300000,20221122
119,trade_images\20221122_416.jpeg,200000,20221122
120,trade_images\20221122_417.jpeg,150000,20221122
121,trade_images\20221122_420.jpeg,450000,20221122
122,trade_images\20221122_421.jpeg,130000,20221122
123,trade_images\20221122_422.jpeg,130000,20221122
124,trade_images\20221122_426.jpeg,150000,20221122
125,trade_images\20221122_427.jpeg,1250000,20221122
126,trade_images\20221122_429.jpeg,250000,20221122
127,trade_images\20221122_433.jpeg,110000,20221122
128,trade_images\20221122_434.jpeg,600000,20221122
129,trade_images\20221122_438.jpeg,440000,20221122
130,trade_images\20221122_440.jpeg,200000,20221122
131,trade_images\20221122_442.jpeg,370000,20221122
132,trade_images\20221122_444.jpeg,320000,20221122
133,trade_images\20221122_445.jpeg,240000,20221122
134,trade_images\20221122_448.jpeg,150000,20221122
135,trade_images\20221122_449.jpeg,150000,20221122
136,trade_images\20221122_453.jpeg,150000,20221122
137,trade_images\20221122_455.jpeg,350000,20221122
138,trade_images\20221122_456.jpeg,200000,20221122
139,trade_images\20221122_457.jpeg,1000000,20221122
140,trade_images\20221122_462.jpeg,200000,20221122
141,trade_images\20221122_472.jpeg,130000,20221122
142,trade_images\20221122_473.jpeg,110000,20221122
143,trade_images\20221122_478.jpeg,200000,20221122
144,trade_images\20221122_484.jpeg,200000,20221122
145,trade_images\20221122_486.jpeg,150000,20221122
146,trade_images\20221122_491.jpeg,310000,20221122
147,trade_images\20221122_492.jpeg,190000,20221122
148,trade_images\20221122_494.jpeg,300000,20221122
149,trade_images\20221122_497.jpeg,480000,20221122
150,trade_images\20221122_502.jpeg,130000,20221122
151,trade_images\20221122_506.jpeg,500000,20221122
152,trade_images\20221122_507.jpeg,180000,20221122
153,trade_images\20221122_524.jpeg,350000,20221122
154,trade_images\20221122_527.jpeg,200000,20221122
155,trade_images\20221122_529.jpeg,760000,20221122
156,trade_images\20221122_530.jpeg,880000,20221122
157,trade_images\20221122_541.jpeg,300000,20221122
158,trade_images\20221122_545.jpeg,190000,20221122
159,trade_images\20221122_547.jpeg,300000,20221122
160,trade_images\20221122_548.jpeg,200000,20221122
161,trade_images\20221122_561.jpeg,490000,20221122
162,trade_images\20221122_569.jpeg,160000,20221122
163,trade_images\20221122_580.jpeg,130000,20221122
164,trade_images\20221122_584.jpeg,170000,20221122
165,trade_images\20221122_586.jpeg,200000,20221122
166,trade_images\20221122_587.jpeg,150000,20221122
167,trade_images\20221122_591.jpeg,210000,20221122
168,trade_images\20221122_595.jpeg,150000,20221122
169,trade_images\20221122_600.jpeg,150000,20221122
170,trade_images\20221122_601.jpeg,300000,20221122
171,trade_images\20221122_604.jpeg,120000,20221122
172,trade_images\20221122_608.jpeg,550000,20221122
173,trade_images\20221122_612.jpeg,210000,20221122
174,trade_images\20221122_613.jpeg,500000,20221122
175,trade_images\20221122_614.jpeg,300000,20221122
176,trade_images\20221122_616.jpeg,300000,20221122
177,trade_images\20221122_629.jpeg,143000,20221122
178,trade_images\20221122_630.jpeg,370000,20221122
179,trade_images\20221122_633.jpeg,170000,20221122
180,trade_images\20221122_634.jpeg,500000,20221122
181,trade_images\20221122_637.jpeg,300000,20221122
182,trade_images\20221122_641.jpeg,400000,20221122
183,trade_images\20221122_642.jpeg,135000,20221122
184,trade_images\20221122_643.jpeg,143000,20221122
185,trade_images\20221122_649.jpeg,450000,20221122
186,trade_images\20221122_658.jpeg,110000,20221122
187,trade_images\20221122_661.jpeg,220000,20221122
188,trade_images\20221122_663.jpeg,330000,20221122
189,trade_images\20221122_666.jpeg,1200000,20221122
190,trade_images\20221122_669.jpeg,1500000,20221122
191,trade_images\20221122_670.jpeg,120000,20221122
192,trade_images\20221122_671.jpeg,136000,20221122
193,trade_images\20221122_672.jpeg,300000,20221122
194,trade_images\20221122_675.jpeg,450000,20221122
195,trade_images\20221122_687.jpeg,650000,20221122
196,trade_images\20221122_697.jpeg,300000,20221122
197,trade_images\20221122_703.jpeg,200000,20221122
198,trade_images\20221122_715.jpeg,300000,20221122
199,trade_images\20221122_723.jpeg,480000,20221122
200,trade_images\20221122_726.jpeg,220000,20221122
201,trade_images\20221122_3983.jpeg,1600000,20221122
202,trade_images\20221122_751.jpeg,160000,20221122
203,trade_images\20221122_754.jpeg,130000,20221122
204,trade_images\20221122_756.jpeg,130000,20221122
205,trade_images\20221122_762.jpeg,143000,20221122
206,trade_images\20221122_769.jpeg,370000,20221122
207,trade_images\20221122_772.jpeg,600000,20221122
208,trade_images\20221122_776.jpeg,330000,20221122
209,trade_images\20221122_778.jpeg,150000,20221122
210,trade_images\20221122_781.jpeg,300000,20221122
211,trade_images\20221122_782.jpeg,120000,20221122
212,trade_images\20221122_791.jpeg,150000,20221122
213,trade_images\20221122_793.jpeg,200000,20221122
214,trade_images\20221122_803.jpeg,120000,20221122
215,trade_images\20221122_808.jpeg,350000,20221122
216,trade_images\20221122_812.jpeg,130000,20221122
217,trade_images\20221122_819.jpeg,390000,20221122
218,trade_images\20221122_821.jpeg,150000,20221122
219,trade_images\20221122_831.jpeg,140000,20221122
220,trade_images\20221122_836.jpeg,140000,20221122
221,trade_images\20221122_839.jpeg,220000,20221122
222,trade_images\20221122_846.jpeg,200000,20221122
223,trade_images\20221122_847.jpeg,150000,20221122
224,trade_images\20221122_853.jpeg,150000,20221122
225,trade_images\20221122_8239.jpeg,700000,20221122
226,trade_images\20221122_857.jpeg,130000,20221122
227,trade_images\20221122_862.jpeg,150000,20221122
228,trade_images\20221122_863.jpeg,150000,20221122
229,trade_images\20221122_869.jpeg,900000,20221122
230,trade_images\20221122_882.jpeg,240000,20221122
231,trade_images\20221122_886.jpeg,400000,20221122
232,trade_images\20221122_893.jpeg,170000,20221122
233,trade_images\20221122_898.jpeg,150000,20221122
234,trade_images\20221122_900.jpeg,300000,20221122
235,trade_images\20221122_905.jpeg,150000,20221122
236,trade_images\20221122_908.jpeg,150000,20221122
237,trade_images\20221122_918.jpeg,220000,20221122
238,trade_images\20221122_919.jpeg,140000,20221122
239,trade_images\20221122_923.jpeg,260000,20221122
240,trade_images\20221122_931.jpeg,200000,20221122
241,trade_images\20221122_943.jpeg,225000,20221122
242,trade_images\20221122_946.jpeg,400000,20221122
243,trade_images\20221122_950.jpeg,950000,20221122
244,trade_images\20221122_956.jpeg,350000,20221122
245,trade_images\20221122_963.jpeg,600000,20221122
246,trade_images\20221122_974.jpeg,150000,20221122
247,trade_images\20221122_980.jpeg,130000,20221122
248,trade_images\20221122_981.jpeg,250000,20221122
249,trade_images\20221122_982.jpeg,800000,20221122
250,trade_images\20221122_984.jpeg,350000,20221122
251,trade_images\20221122_985.jpeg,400000,20221122
252,trade_images\20221122_988.jpeg,700000,20221122
253,trade_images\20221122_990.jpeg,490000,20221122
254,trade_images\20221122_991.jpeg,270000,20221122
255,trade_images\20221122_994.jpeg,150000,20221122
256,trade_images\20221122_1019.jpeg,150000,20221122
257,trade_images\20221122_1025.jpeg,220000,20221122
258,trade_images\20221122_4357.jpeg,300000,20221122
259,trade_images\20221122_1027.jpeg,600000,20221122
260,trade_images\20221122_1038.jpeg,150000,20221122
261,trade_images\20221122_1041.jpeg,200000,20221122
262,trade_images\20221122_1045.jpeg,340000,20221122
263,trade_images\20221122_1046.jpeg,200000,20221122
264,trade_images\20221122_1054.jpeg,150000,20221122
265,trade_images\20221122_1074.jpeg,200000,20221122
266,trade_images\20221122_1075.jpeg,250000,20221122
267,trade_images\20221122_1084.jpeg,150000,20221122
268,trade_images\20221122_1085.jpeg,250000,20221122
269,trade_images\20221122_1093.jpeg,1400000,20221122
270,trade_images\20221122_1102.jpeg,290000,20221122
271,trade_images\20221122_1109.jpeg,900000,20221122
272,trade_images\20221122_1110.jpeg,190000,20221122
273,trade_images\20221122_1112.jpeg,160000,20221122
274,trade_images\20221122_1113.jpeg,400000,20221122
275,trade_images\20221122_1114.jpeg,150000,20221122
276,trade_images\20221122_1115.jpeg,150000,20221122
277,trade_images\20221122_1117.jpeg,150000,20221122
278,trade_images\20221122_1119.jpeg,450000,20221122
279,trade_images\20221122_1121.jpeg,150000,20221122
280,trade_images\20221122_1122.jpeg,290000,20221122
281,trade_images\20221122_1123.jpeg,650000,20221122
282,trade_images\20221122_1134.jpeg,150000,20221122
283,trade_images\20221122_1139.jpeg,200000,20221122
284,trade_images\20221122_1140.jpeg,190000,20221122
285,trade_images\20221122_1143.jpeg,150000,20221122
286,trade_images\20221122_1144.jpeg,130000,20221122
287,trade_images\20221122_1146.jpeg,150000,20221122
288,trade_images\20221122_1149.jpeg,190000,20221122
289,trade_images\20221122_1150.jpeg,140000,20221122
290,trade_images\20221122_1151.jpeg,140000,20221122
291,trade_images\20221122_1167.jpeg,1300000,20221122
292,trade_images\20221122_1179.jpeg,150000,20221122
293,trade_images\20221122_1196.jpeg,400000,20221122
294,trade_images\20221122_1200.jpeg,1000000,20221122
295,trade_images\20221122_1201.jpeg,500000,20221122
296,trade_images\20221122_1207.jpeg,200000,20221122
297,trade_images\20221122_1211.jpeg,900000,20221122
298,trade_images\20221122_1212.jpeg,250000,20221122
299,trade_images\20221122_1217.jpeg,300000,20221122
300,trade_images\20221122_1218.jpeg,350000,20221122
301,trade_images\20221122_8969.jpeg,1200000,20221122
302,trade_images\20221122_9250.jpeg,1000000,20221122
303,trade_images\20221122_1540.jpeg,350000,20221122
304,trade_images\20221122_1542.jpeg,250000,20221122
305,trade_images\20221122_1638.jpeg,153000,20221122
306,trade_images\20221122_1691.jpeg,450000,20221122
307,trade_images\20221122_1729.jpeg,132000,20221122
308,trade_images\20221122_1830.jpeg,371000,20221122
309,trade_images\20221122_5539.jpeg,1200000,20221122
310,trade_images\20221122_1912.jpeg,650000,20221122
311,trade_images\20221122_9989.jpeg,1000000,20221122
312,trade_images\20221122_9992.jpeg,1000000,20221122
313,trade_images\20221122_9994.jpeg,750000,20221122
314,trade_images\20221122_9995.jpeg,1250000,20221122
315,trade_images\20221122_2156.jpeg,1520000,20221122
316,trade_images\20221122_2418.jpeg,300000,20221122
317,trade_images\20221122_2468.jpeg,150000,20221122
318,trade_images\20221122_2469.jpeg,150000,20221122
319,trade_images\20221122_2470.jpeg,200000,20221122
320,trade_images\20221122_2848.jpeg,200000,20221122
321,trade_images\20221123_18.jpeg,120000,20221123
322,trade_images\20221123_33.jpeg,150000,20221123
323,trade_images\20221123_39.jpeg,180000,20221123
324,trade_images\20221123_45.jpeg,500000,20221123
325,trade_images\20221123_50.jpeg,140000,20221123
326,trade_images\20221123_62.jpeg,400000,20221123
327,trade_images\20221123_75.jpeg,220000,20221123
328,trade_images\20221123_76.jpeg,700000,20221123
329,trade_images\20221123_80.jpeg,1350000,20221123
330,trade_images\20221123_87.jpeg,250000,20221123
331,trade_images\20221123_88.jpeg,250000,20221123
332,trade_images\20221123_95.jpeg,130000,20221123
333,trade_images\20221123_100.jpeg,230000,20221123
334,trade_images\20221123_108.jpeg,110000,20221123
335,trade_images\20221123_112.jpeg,300000,20221123
336,trade_images\20221123_113.jpeg,230000,20221123
337,trade_images\20221123_116.jpeg,1350000,20221123
338,trade_images\20221123_126.jpeg,180000,20221123
339,trade_images\20221123_128.jpeg,130000,20221123
340,trade_images\20221123_131.jpeg,180000,20221123
341,trade_images\20221123_132.jpeg,150000,20221123
342,trade_images\20221123_136.jpeg,650000,20221123
343,trade_images\20221123_151.jpeg,350000,20221123
344,trade_images\20221123_160.jpeg,280000,20221123
345,trade_images\20221123_165.jpeg,1500000,20221123
346,trade_images\20221123_166.jpeg,200000,20221123
347,trade_images\20221123_168.jpeg,320000,20221123
348,trade_images\20221123_169.jpeg,180000,20221123
349,trade_images\20221123_176.jpeg,600000,20221123
350,trade_images\20221123_178.jpeg,150000,20221123
351,trade_images\20221123_181.jpeg,190000,20221123
352,trade_images\20221123_190.jpeg,500000,20221123
353,trade_images\20221123_191.jpeg,500000,20221123
354,trade_images\20221123_192.jpeg,180000,20221123
355,trade_images\20221123_222.jpeg,500000,20221123
356,trade_images\20221123_1647.jpeg,270000,20221123
357,trade_images\20221123_2833.jpeg,148000,20221123
358,trade_images\20221123_4814.jpeg,300000,20221123
359,trade_images\20221125_7.jpeg,280000,20221125
360,trade_images\20221125_8.jpeg,150000,20221125
361,trade_images\20221125_19.jpeg,270000,20221125
362,trade_images\20221125_27.jpeg,150000,20221125
363,trade_images\20221125_44.jpeg,1000000,20221125
364,trade_images\20221125_54.jpeg,170000,20221125
365,trade_images\20221125_63.jpeg,180000,20221125
366,trade_images\20221125_64.jpeg,1000000,20221125
367,trade_images\20221125_78.jpeg,130000,20221125
368,trade_images\20221125_80.jpeg,220000,20221125
369,trade_images\20221125_87.jpeg,150000,20221125
370,trade_images\20221125_90.jpeg,150000,20221125
371,trade_images\20221125_113.jpeg,250000,20221125
372,trade_images\20221125_115.jpeg,130000,20221125
373,trade_images\20221125_116.jpeg,120000,20221125
374,trade_images\20221125_120.jpeg,300000,20221125
375,trade_images\20221125_121.jpeg,230000,20221125
376,trade_images\20221125_127.jpeg,600000,20221125
377,trade_images\20221125_140.jpeg,130000,20221125
378,trade_images\20221125_150.jpeg,550000,20221125
379,trade_images\20221125_152.jpeg,250000,20221125
380,trade_images\20221125_157.jpeg,130000,20221125
381,trade_images\20221125_164.jpeg,390000,20221125
382,trade_images\20221125_165.jpeg,200000,20221125
383,trade_images\20221125_171.jpeg,320000,20221125
384,trade_images\20221125_172.jpeg,550000,20221125
385,trade_images\20221125_174.jpeg,700000,20221125
386,trade_images\20221125_175.jpeg,200000,20221125
387,trade_images\20221125_177.jpeg,180000,20221125
388,trade_images\20221125_178.jpeg,160000,20221125
389,trade_images\20221125_183.jpeg,130000,20221125
390,trade_images\20221125_186.jpeg,120000,20221125
391,trade_images\20221125_188.jpeg,200000,20221125
392,trade_images\20221125_192.jpeg,450000,20221125
393,trade_images\20221125_196.jpeg,1200000,20221125
394,trade_images\20221125_198.jpeg,150000,20221125
395,trade_images\20221125_212.jpeg,300000,20221125
396,trade_images\20221125_218.jpeg,180000,20221125
397,trade_images\20221125_219.jpeg,120000,20221125
398,trade_images\20221125_229.jpeg,250000,20221125
399,trade_images\20221125_230.jpeg,200000,20221125
400,trade_images\20221125_242.jpeg,400000,20221125
401,trade_images\20221125_247.jpeg,200000,20221125
402,trade_images\20221125_248.jpeg,200000,20221125
403,trade_images\20221125_250.jpeg,300000,20221125
404,trade_images\20221125_252.jpeg,300000,20221125
405,trade_images\20221125_255.jpeg,150000,20221125
406,trade_images\20221125_261.jpeg,800000,20221125
407,trade_images\20221125_263.jpeg,300000,20221125
408,trade_images\20221125_266.jpeg,150000,20221125
409,trade_images\20221125_274.jpeg,120000,20221125
410,trade_images\20221125_278.jpeg,300000,20221125
411,trade_images\20221125_293.jpeg,300000,20221125
412,trade_images\20221125_310.jpeg,120000,20221125
413,trade_images\20221125_316.jpeg,300000,20221125
414,trade_images\20221125_322.jpeg,250000,20221125
415,trade_images\20221125_324.jpeg,120000,20221125
416,trade_images\20221125_328.jpeg,270000,20221125
417,trade_images\20221125_331.jpeg,250000,20221125
418,trade_images\20221125_341.jpeg,200000,20221125
419,trade_images\20221125_347.jpeg,170000,20221125
420,trade_images\20221125_352.jpeg,150000,20221125
421,trade_images\20221125_356.jpeg,180000,20221125
422,trade_images\20221125_360.jpeg,180000,20221125
423,trade_images\20221125_363.jpeg,150000,20221125
424,trade_images\20221125_367.jpeg,130000,20221125
425,trade_images\20221125_370.jpeg,200000,20221125
426,trade_images\20221125_373.jpeg,500000,20221125
427,trade_images\20221125_377.jpeg,150000,20221125
428,trade_images\20221125_383.jpeg,150000,20221125
429,trade_images\20221125_388.jpeg,150000,20221125
430,trade_images\20221125_391.jpeg,150000,20221125
431,trade_images\20221125_392.jpeg,130000,20221125
432,trade_images\20221125_393.jpeg,110000,20221125
433,trade_images\20221125_396.jpeg,175000,20221125
434,trade_images\20221125_402.jpeg,150000,20221125
435,trade_images\20221125_404.jpeg,570000,20221125
436,trade_images\20221125_410.jpeg,150000,20221125
437,trade_images\20221125_413.jpeg,600000,20221125
438,trade_images\20221125_419.jpeg,150000,20221125
439,trade_images\20221125_420.jpeg,250000,20221125
440,trade_images\20221125_440.jpeg,990000,20221125
441,trade_images\20221125_442.jpeg,200000,20221125
442,trade_images\20221125_450.jpeg,280000,20221125
443,trade_images\20221125_461.jpeg,160000,20221125
444,trade_images\20221125_464.jpeg,280000,20221125
445,trade_images\20221125_467.jpeg,150000,20221125
446,trade_images\20221125_473.jpeg,400000,20221125
447,trade_images\20221125_476.jpeg,1500000,20221125
448,trade_images\20221125_483.jpeg,150000,20221125
449,trade_images\20221125_485.jpeg,110000,20221125
450,trade_images\20221125_490.jpeg,500000,20221125
451,trade_images\20221125_494.jpeg,150000,20221125
452,trade_images\20221125_503.jpeg,300000,20221125
453,trade_images\20221125_506.jpeg,500000,20221125
454,trade_images\20221125_508.jpeg,150000,20221125
455,trade_images\20221125_510.jpeg,600000,20221125
456,trade_images\20221125_515.jpeg,170000,20221125
457,trade_images\20221125_2126.jpeg,280000,20221125
458,trade_images\20221125_2127.jpeg,280000,20221125
459,trade_images\20221125_2128.jpeg,200000,20221125
460,trade_images\20221126_1.jpeg,250000,20221126
461,trade_images\20221126_11.jpeg,280000,20221126
462,trade_images\20221126_18.jpeg,170000,20221126
463,trade_images\20221126_24.jpeg,180000,20221126
464,trade_images\20221126_28.jpeg,200000,20221126
465,trade_images\20221126_29.jpeg,300000,20221126
466,trade_images\20221126_32.jpeg,180000,20221126
467,trade_images\20221126_49.jpeg,200000,20221126
468,trade_images\20221126_59.jpeg,180000,20221126
469,trade_images\20221126_73.jpeg,330000,20221126
470,trade_images\20221126_84.jpeg,200000,20221126
471,trade_images\20221126_93.jpeg,120000,20221126
472,trade_images\20221126_99.jpeg,160000,20221126
473,trade_images\20221126_107.jpeg,190000,20221126
474,trade_images\20221126_109.jpeg,130000,20221126
475,trade_images\20221126_112.jpeg,160000,20221126
476,trade_images\20221126_115.jpeg,160000,20221126
477,trade_images\20221126_128.jpeg,230000,20221126
478,trade_images\20221126_129.jpeg,250000,20221126
479,trade_images\20221126_130.jpeg,160000,20221126
480,trade_images\20221126_133.jpeg,130000,20221126
481,trade_images\20221126_136.jpeg,500000,20221126
482,trade_images\20221126_139.jpeg,280000,20221126
483,trade_images\20221126_140.jpeg,250000,20221126
484,trade_images\20221126_142.jpeg,150000,20221126
485,trade_images\20221126_150.jpeg,160000,20221126
486,trade_images\20221126_156.jpeg,300000,20221126
487,trade_images\20221126_164.jpeg,250000,20221126
488,trade_images\20221126_165.jpeg,150000,20221126
489,trade_images\20221126_175.jpeg,200000,20221126
490,trade_images\20221126_176.jpeg,300000,20221126
491,trade_images\20221126_178.jpeg,335000,20221126
492,trade_images\20221126_179.jpeg,250000,20221126
493,trade_images\20221126_183.jpeg,220000,20221126
494,trade_images\20221126_188.jpeg,290000,20221126
495,trade_images\20221126_190.jpeg,200000,20221126
496,trade_images\20221126_199.jpeg,170000,20221126
497,trade_images\20221126_202.jpeg,150000,20221126
498,trade_images\20221126_209.jpeg,200000,20221126
499,trade_images\20221126_234.jpeg,200000,20221126
500,trade_images\20221126_235.jpeg,130000,20221126
501,trade_images\20221126_236.jpeg,150000,20221126
502,trade_images\20221126_237.jpeg,150000,20221126
503,trade_images\20221126_270.jpeg,900000,20221126
504,trade_images\20221129_42.jpeg,500000,20221129
505,trade_images\20221129_43.jpeg,350000,20221129
506,trade_images\20221129_56.jpeg,1300000,20221129
507,trade_images\20221129_61.jpeg,120000,20221129
508,trade_images\20221129_70.jpeg,300000,20221129
509,trade_images\20221129_79.jpeg,230000,20221129
510,trade_images\20221129_80.jpeg,200000,20221129
511,trade_images\20221129_81.jpeg,135000,20221129
512,trade_images\20221129_82.jpeg,250000,20221129
513,trade_images\20221129_92.jpeg,170000,20221129
514,trade_images\20221129_93.jpeg,300000,20221129
515,trade_images\20221129_101.jpeg,135000,20221129
516,trade_images\20221129_108.jpeg,400000,20221129
517,trade_images\20221129_122.jpeg,175000,20221129
518,trade_images\20221129_125.jpeg,120000,20221129
519,trade_images\20221129_126.jpeg,275000,20221129
520,trade_images\20221129_128.jpeg,200000,20221129
521,trade_images\20221129_129.jpeg,130000,20221129
522,trade_images\20221129_135.jpeg,180000,20221129
523,trade_images\20221129_136.jpeg,1300000,20221129
524,trade_images\20221129_139.jpeg,230000,20221129
525,trade_images\20221129_140.jpeg,600000,20221129
526,trade_images\20221129_142.jpeg,150000,20221129
527,trade_images\20221129_144.jpeg,360000,20221129
528,trade_images\20221129_149.jpeg,180000,20221129
529,trade_images\20221129_150.jpeg,250000,20221129
530,trade_images\20221129_153.jpeg,300000,20221129
531,trade_images\20221129_159.jpeg,150000,20221129
532,trade_images\20221129_161.jpeg,140000,20221129
533,trade_images\20221129_162.jpeg,250000,20221129
534,trade_images\20221129_167.jpeg,900000,20221129
535,trade_images\20221129_172.jpeg,400000,20221129
536,trade_images\20221129_175.jpeg,140000,20221129
537,trade_images\20221129_178.jpeg,170000,20221129
538,trade_images\20221129_183.jpeg,200000,20221129
539,trade_images\20221129_184.jpeg,150000,20221129
540,trade_images\20221129_186.jpeg,140000,20221129
541,trade_images\20221129_189.jpeg,280000,20221129
542,trade_images\20221129_195.jpeg,600000,20221129
543,trade_images\20221129_199.jpeg,170000,20221129
544,trade_images\20221129_202.jpeg,120000,20221129
545,trade_images\20221129_204.jpeg,450000,20221129
546,trade_images\20221129_205.jpeg,550000,20221129
547,trade_images\20221129_213.jpeg,130000,20221129
548,trade_images\20221129_216.jpeg,130000,20221129
549,trade_images\20221129_222.jpeg,250000,20221129
550,trade_images\20221129_230.jpeg,370000,20221129
551,trade_images\20221129_232.jpeg,180000,20221129
552,trade_images\20221129_243.jpeg,600000,20221129
553,trade_images\20221129_247.jpeg,430000,20221129
554,trade_images\20221129_251.jpeg,180000,20221129
555,trade_images\20221129_253.jpeg,180000,20221129
556,trade_images\20221129_259.jpeg,150000,20221129
557,trade_images\20221129_263.jpeg,120000,20221129
558,trade_images\20221129_264.jpeg,150000,20221129
559,trade_images\20221129_276.jpeg,370000,20221129
560,trade_images\20221129_293.jpeg,250000,20221129
561,trade_images\20221129_296.jpeg,280000,20221129
562,trade_images\20221129_300.jpeg,150000,20221129
563,trade_images\20221129_304.jpeg,170000,20221129
564,trade_images\20221129_307.jpeg,250000,20221129
565,trade_images\20221129_308.jpeg,120000,20221129
566,trade_images\20221129_311.jpeg,120000,20221129
567,trade_images\20221129_312.jpeg,170000,20221129
568,trade_images\20221129_314.jpeg,180000,20221129
569,trade_images\20221129_319.jpeg,180000,20221129
570,trade_images\20221129_322.jpeg,110000,20221129
571,trade_images\20221129_323.jpeg,130000,20221129
572,trade_images\20221129_327.jpeg,130000,20221129
573,trade_images\20221129_329.jpeg,130000,20221129
574,trade_images\20221129_334.jpeg,250000,20221129
575,trade_images\20221129_336.jpeg,130000,20221129
576,trade_images\20221129_338.jpeg,120000,20221129
577,trade_images\20221129_343.jpeg,200000,20221129
578,trade_images\20221129_346.jpeg,130000,20221129
579,trade_images\20221129_352.jpeg,280000,20221129
580,trade_images\20221129_356.jpeg,150000,20221129
581,trade_images\20221129_359.jpeg,230000,20221129
582,trade_images\20221129_366.jpeg,280000,20221129
583,trade_images\20221129_376.jpeg,150000,20221129
584,trade_images\20221129_379.jpeg,550000,20221129
585,trade_images\20221129_383.jpeg,180000,20221129
586,trade_images\20221129_391.jpeg,130000,20221129
587,trade_images\20221129_394.jpeg,200000,20221129
588,trade_images\20221129_395.jpeg,250000,20221129
589,trade_images\20221129_402.jpeg,300000,20221129
590,trade_images\20221129_403.jpeg,450000,20221129
591,trade_images\20221129_416.jpeg,400000,20221129
592,trade_images\20221129_418.jpeg,160000,20221129
593,trade_images\20221129_425.jpeg,150000,20221129
594,trade_images\20221129_442.jpeg,140000,20221129
595,trade_images\20221129_452.jpeg,120000,20221129
596,trade_images\20221129_467.jpeg,150000,20221129
597,trade_images\20221129_470.jpeg,150000,20221129
598,trade_images\20221129_472.jpeg,130000,20221129
599,trade_images\20221129_484.jpeg,160000,20221129
600,trade_images\20221129_493.jpeg,280000,20221129
601,trade_images\20221129_497.jpeg,500000,20221129
602,trade_images\20221129_505.jpeg,300000,20221129
603,trade_images\20221129_508.jpeg,150000,20221129
604,trade_images\20221129_511.jpeg,150000,20221129
605,trade_images\20221129_514.jpeg,200000,20221129
606,trade_images\20221129_519.jpeg,400000,20221129
607,trade_images\20221129_524.jpeg,400000,20221129
608,trade_images\20221129_525.jpeg,230000,20221129
609,trade_images\20221129_527.jpeg,300000,20221129
610,trade_images\20221129_528.jpeg,150000,20221129
611,trade_images\20221129_529.jpeg,130000,20221129
612,trade_images\20221129_532.jpeg,170000,20221129
613,trade_images\20221129_534.jpeg,350000,20221129
614,trade_images\20221129_535.jpeg,120000,20221129
615,trade_images\20221129_537.jpeg,480000,20221129
616,trade_images\20221129_539.jpeg,200000,20221129
617,trade_images\20221129_542.jpeg,200000,20221129
618,trade_images\20221129_569.jpeg,160000,20221129
619,trade_images\20221129_570.jpeg,200000,20221129
620,trade_images\20221129_572.jpeg,200000,20221129
621,trade_images\20221129_580.jpeg,160000,20221129
622,trade_images\20221129_587.jpeg,200000,20221129
623,trade_images\20221129_595.jpeg,150000,20221129
624,trade_images\20221129_599.jpeg,200000,20221129
625,trade_images\20221129_621.jpeg,230000,20221129
626,trade_images\20221129_628.jpeg,290000,20221129
627,trade_images\20221129_633.jpeg,290000,20221129
628,trade_images\20221129_636.jpeg,120000,20221129
629,trade_images\20221129_657.jpeg,200000,20221129
630,trade_images\20221129_663.jpeg,150000,20221129
631,trade_images\20221129_669.jpeg,480000,20221129
632,trade_images\20221129_675.jpeg,200000,20221129
633,trade_images\20221129_681.jpeg,120000,20221129
634,trade_images\20221129_693.jpeg,230000,20221129
635,trade_images\20221129_701.jpeg,110000,20221129
636,trade_images\20221129_702.jpeg,200000,20221129
637,trade_images\20221129_705.jpeg,150000,20221129
638,trade_images\20221129_713.jpeg,350000,20221129
639,trade_images\20221129_722.jpeg,120000,20221129
640,trade_images\20221129_723.jpeg,230000,20221129
641,trade_images\20221129_730.jpeg,150000,20221129
642,trade_images\20221129_733.jpeg,130000,20221129
643,trade_images\20221130_19.jpeg,550000,20221130
644,trade_images\20221130_65.jpeg,130000,20221130
645,trade_images\20221130_74.jpeg,200000,20221130
646,trade_images\20221130_76.jpeg,190000,20221130
647,trade_images\20221130_78.jpeg,300000,20221130
648,trade_images\20221130_79.jpeg,180000,20221130
649,trade_images\20221130_80.jpeg,150000,20221130
650,trade_images\20221130_102.jpeg,280000,20221130
651,trade_images\20221130_105.jpeg,250000,20221130
652,trade_images\20221130_111.jpeg,300000,20221130
653,trade_images\20221130_116.jpeg,210000,20221130
654,trade_images\20221130_118.jpeg,150000,20221130
655,trade_images\20221130_124.jpeg,250000,20221130
656,trade_images\20221130_134.jpeg,265000,20221130
657,trade_images\20221130_139.jpeg,200000,20221130
658,trade_images\20221130_145.jpeg,400000,20221130
659,trade_images\20221130_147.jpeg,130000,20221130
660,trade_images\20221130_153.jpeg,700000,20221130
661,trade_images\20221130_155.jpeg,500000,20221130
662,trade_images\20221130_158.jpeg,190000,20221130
663,trade_images\20221130_169.jpeg,380000,20221130
664,trade_images\20221130_174.jpeg,200000,20221130
665,trade_images\20221130_175.jpeg,300000,20221130
666,trade_images\20221130_185.jpeg,150000,20221130
667,trade_images\20221130_187.jpeg,180000,20221130
668,trade_images\20221130_189.jpeg,180000,20221130
669,trade_images\20221130_202.jpeg,350000,20221130
670,trade_images\20221130_203.jpeg,150000,20221130
671,trade_images\20221130_206.jpeg,120000,20221130
672,trade_images\20221130_209.jpeg,200000,20221130
673,trade_images\20221130_234.jpeg,120000,20221130
674,trade_images\20221130_245.jpeg,150000,20221130
675,trade_images\20221130_253.jpeg,600000,20221130
676,trade_images\20221130_267.jpeg,450000,20221130
